-- --------------------------------------------------------
-- Хост:                         127.0.0.1
-- Версия сервера:               5.5.53 - MySQL Community Server (GPL)
-- Операционная система:         Win32
-- HeidiSQL Версия:              9.4.0.5125
-- --------------------------------------------------------

/*!40101 SET @OLD_CHARACTER_SET_CLIENT=@@CHARACTER_SET_CLIENT */;
/*!40101 SET NAMES utf8 */;
/*!50503 SET NAMES utf8mb4 */;
/*!40014 SET @OLD_FOREIGN_KEY_CHECKS=@@FOREIGN_KEY_CHECKS, FOREIGN_KEY_CHECKS=0 */;
/*!40101 SET @OLD_SQL_MODE=@@SQL_MODE, SQL_MODE='NO_AUTO_VALUE_ON_ZERO' */;

-- Дамп данных таблицы Guide.APP_USER_USER_PROFILE: ~1 rows (приблизительно)
/*!40000 ALTER TABLE `APP_USER_USER_PROFILE` DISABLE KEYS */;
INSERT INTO `APP_USER_USER_PROFILE` (`USER_ID`, `USER_PROFILE_ID`) VALUES
  (1, 1);
/*!40000 ALTER TABLE `APP_USER_USER_PROFILE` ENABLE KEYS */;

-- Дамп данных таблицы Guide.COMMENT: ~1 rows (приблизительно)
/*!40000 ALTER TABLE `COMMENT` DISABLE KEYS */;
INSERT INTO `COMMENT` (`ID`, `CREATE_DATE`, `TEXT`) VALUES
  (33, '2017-04-22 22:21:16', 'тест');
/*!40000 ALTER TABLE `COMMENT` ENABLE KEYS */;

-- Дамп данных таблицы Guide.Coordinates: ~49 rows (приблизительно)
/*!40000 ALTER TABLE `Coordinates` DISABLE KEYS */;
INSERT INTO `Coordinates` (`ID`, `TYPE`, `LATITUDE`, `LONGITUDE`) VALUES
  (56, 'Point', 23.846922, 53.689195),
  (57, 'Point', 23.822813, 53.677311),
  (58, 'Point', 23.825323, 53.676266),
  (59, 'Point', 23.825323, 53.676266),
  (60, 'Point', 23.825624, 53.677821),
  (61, 'Point', 23.824744, 53.677884),
  (62, 'Point', 23.826601, 53.67708),
  (63, 'Point', 23.827739, 53.675411),
  (64, 'Point', 23.830507, 53.675156),
  (65, 'Point', 23.831183, 53.678216),
  (66, 'Point', 23.825269, 53.679109),
  (67, 'Point', 23.828459, 53.678786),
  (68, 'Point', 23.828487, 53.677979),
  (69, 'Point', 23.828589, 53.676595),
  (70, 'Point', 23.828278, 53.676595),
  (71, 'Point', 23.828868, 53.675811),
  (72, 'Point', 23.830217, 53.676767),
  (73, 'Point', 23.831046, 53.6779),
  (74, 'Point', 23.830061, 53.680557),
  (75, 'Point', 23.830887, 53.680787),
  (76, 'Point', 23.835616, 53.682853),
  (77, 'Point', 23.801367, 53.671118),
  (78, 'Point', 23.825582, 53.691393),
  (79, 'Point', 23.851409, 53.675011),
  (80, 'Point', 23.837495, 53.686186),
  (81, 'Point', 23.83625, 53.685536),
  (82, 'Point', 23.836343, 53.684508),
  (83, 'Point', 23.83696, 53.685935),
  (84, 'Point', 23.841342, 53.684496),
  (85, 'Point', 23.841482, 53.683987),
  (86, 'Point', 23.84086, 53.684528),
  (87, 'Point', 23.839724, 53.684199),
  (88, 'Point', 23.824111, 53.688429),
  (89, 'Point', 23.822051, 53.689008),
  (90, 'Point', 23.831809, 53.684037),
  (91, 'Point', 23.82248, 53.68769),
  (92, 'Point', 23.834105, 53.683833),
  (93, 'Point', 23.834534, 53.683286),
  (94, 'Point', 23.838517, 53.683475),
  (95, 'Point', 23.818783, 53.678506),
  (96, 'Point', 23.848324, 53.671031),
  (97, 'Point', 23.869381, 53.672212),
  (98, 'Point', 23.816741, 53.702003),
  (99, 'Point', 23.824539, 53.690937),
  (100, 'Point', 23.841774, 53.675612),
  (101, 'Point', 23.825523, 53.685769),
  (102, 'Point', 23.843304, 53.685316),
  (103, 'Point', 23.833417, 53.682642),
  (104, 'Point', 23.825195, 53.67485);
/*!40000 ALTER TABLE `Coordinates` ENABLE KEYS */;

-- Дамп данных таблицы Guide.Image: ~107 rows (приблизительно)
/*!40000 ALTER TABLE `Image` DISABLE KEYS */;
INSERT INTO `Image` (`ID`, `FILE_URL`, `IMAGE_TYPE`, `PLACE_ID`) VALUES
  (1, 'https://www.dropbox.com/s/63lypxd9l0n6tai/12635_magnoliya.JPG?raw=1', 'NEW', 69),
  (2, 'https://www.dropbox.com/s/k9vsuzgzvxwajhc/29e6c6f2f14748e83de0c25fed225963.jpg?raw=1', 'OLD', 65),
  (3, 'https://www.dropbox.com/s/1luagh5pdpjse6l/001505_172542.jpg?raw=1', 'NEW', 65),
  (4, 'https://www.dropbox.com/s/rwawfryax1k2dor/DSC01946.jpg?raw=1', 'NEW', 81),
  (5, 'https://www.dropbox.com/s/p9rcamyb47qnz5k/_______%20_____________1985___.jpg?raw=1', 'OLD', 81),
  (6, 'https://www.dropbox.com/s/oe334h98yr7px66/img-3456-2_p.jpg?raw=1', 'NEW', 68),
  (7, 'https://www.dropbox.com/s/94htbffkpifwnyd/img-3315-3_p.jpg?raw=1', 'NEW', 68),
  (8, 'https://www.dropbox.com/s/odgnvfkrtwfxkm0/gostinitsa-belarus-1974-god_01.jpg?raw=1', 'OLD', 98),
  (9, 'https://www.dropbox.com/s/5ledqqbhmyhdl85/12605_belarus.JPG?raw=1', 'NEW', 98),
  (10, 'https://www.dropbox.com/s/toyd7gknjt52qh5/13730416.jpg?raw=1', 'NEW', 71),
  (11, 'https://www.dropbox.com/s/i0l7fd0reqptlnu/gostNeman60e.jpg?raw=1', 'OLD', 71),
  (12, 'https://www.dropbox.com/s/1js8oqg9ibpvj3g/1_preview_3_01.jpg?raw=1', 'NEW', 71),
  (13, 'https://www.dropbox.com/s/3bv2ljnq15nvkfr/1_06.jpg?raw=1', 'NEW', 99),
  (14, 'https://www.dropbox.com/s/pznkx13gw52mz56/1298b.gif?raw=1', 'NEW', 99),
  (15, 'https://www.dropbox.com/s/1h8ve3naw16z0tc/hotel-semashko-grodno-306.jpg?raw=1', 'OLD', 99),
  (16, 'https://www.dropbox.com/s/br08vvhvbui735u/172.jpg%21300%21200%21reduce.jpg?raw=1', 'OLD', 90),
  (17, 'https://www.dropbox.com/s/0aqf2buhj9h398z/32676804_6.jpg?raw=1', 'NEW', 90),
  (18, 'https://www.dropbox.com/s/2uejst7f2qu2qyx/20096004_6.jpg?raw=1', 'NEW', 72),
  (19, 'https://www.dropbox.com/s/tlncycdtptcc6f1/020.jpg?raw=1', 'OLD', 72),
  (20, 'https://www.dropbox.com/s/ggy763g8ztc5li1/3.jpg?raw=1', 'NEW', 72),
  (21, 'https://www.dropbox.com/s/gybn9iuuagfr2dy/00_big.jpg?raw=1', 'NEW', 67),
  (22, 'https://www.dropbox.com/s/z51burvv5lfm0y9/97746335.jpg?raw=1', 'NEW', 67),
  (23, 'https://www.dropbox.com/s/rrkj4p8vzf762ep/gr7.jpg?raw=1', 'OLD', 67),
  (24, 'https://www.dropbox.com/s/fvzuucpdosv3jmb/_3_14.jpg?raw=1', 'OLD', 86),
  (25, 'https://www.dropbox.com/s/j3bhrmn8do5q9m1/img-2322-m.jpg?raw=1', 'NEW', 86),
  (26, 'https://www.dropbox.com/s/5l3md3m70bf2kzl/%D0%93%D1%80%D0%BE%D0%B4%D0%BD%D0%B5%D0%BD%D1%81%D0%BA%D0%B8%D0%B9-%D0%B4%D1%80%D0%B0%D0%BC%D0%B0%D1%82%D0%B8%D1%87%D0%B5%D1%81%D0%BA%D0%B8%D0%B9-%D1%82%D0%B5%D0%B0%D1%82%D1%80.jpg?raw=1', 'NEW', 62),
  (27, 'https://www.dropbox.com/s/ldht0je56gs3jmu/2263-0.jpg?raw=1', 'NEW', 62),
  (28, 'https://www.dropbox.com/s/m28azox84ba0zkw/img008.jpg?raw=1', 'OLD', 62),
  (29, 'https://www.dropbox.com/s/7c6ivpg0e2syz42/IMG_20150704_11.jpg?raw=1', 'NEW', 103),
  (30, 'https://www.dropbox.com/s/e7p9c578jmwe9r1/IMG_20150704_13.jpg?raw=1', 'NEW', 103),
  (31, 'https://www.dropbox.com/s/g9vlc83aa5zpduu/90_big.jpg?raw=1', 'OLD', 103),
  (32, 'https://www.dropbox.com/s/8oppup5so3uodk3/vostok.jpg?raw=1', 'NEW', 78),
  (33, 'https://www.dropbox.com/s/yiz1vgkkm6i2q5j/kino_vostok_70.jpg?raw=1', 'OLD', 78),
  (34, 'https://www.dropbox.com/s/apgqs2rvzb5o4v7/kosmos_thumb.jpg?raw=1', 'NEW', 77),
  (35, 'https://www.dropbox.com/s/c9hnqenbahpkouv/12%2018.jpg?raw=1', 'OLD', 77),
  (36, 'https://www.dropbox.com/s/eoe5kkvn5gdqzbw/6b82a4c9a190be19f43da71233b467b7.jpg?raw=1', 'NEW', 75),
  (37, 'https://www.dropbox.com/s/6qs0hnp6uln1mi8/download.jpg?raw=1', 'NEW', 75),
  (38, 'https://www.dropbox.com/s/zi0e1nhlxg9ipfo/3001851.jpg?raw=1', 'OLD', 75),
  (39, 'https://www.dropbox.com/s/ef7419rf11pfwkn/23_big.jpg?raw=1', 'NEW', 76),
  (40, 'https://www.dropbox.com/s/10syom4sz7e1vn8/IMG_3124.JPG?raw=1', 'OLD', 76),
  (41, 'https://www.dropbox.com/s/hzps4oz1dcgvsdn/_1_4.jpg?raw=1', 'NEW', 94),
  (42, 'https://www.dropbox.com/s/jvhpvmcxlissvln/grodna-carkva-barysaglebskaya-carkva-1357397303_b1.jpg?raw=1', 'OLD', 94),
  (43, 'https://www.dropbox.com/s/np5up551rcqwfaf/hrhrhora07-16.jpg?raw=1', 'OLD', 94),
  (44, 'https://www.dropbox.com/s/9fyu4db3153edq5/20080229-150511-824.jpg?raw=1', 'NEW', 94),
  (45, 'https://www.dropbox.com/s/zus49gtx02eg1dq/grodno.jpg?raw=1', 'NEW', 94),
  (46, 'https://www.dropbox.com/s/33193gf4flpfzz0/084917d0-090a-4420-886f-7e766017cb55.jpg?raw=1', 'NEW', 102),
  (47, 'https://www.dropbox.com/s/kttphy7cfpsfbfa/0_medium.jpg?raw=1', 'OLD', 102),
  (48, 'https://www.dropbox.com/s/5y608x2sbkya8b0/534a13884d9556c1e142639947325397c36a4178.jpg?raw=1', 'NEW', 102),
  (49, 'https://www.dropbox.com/s/xf59ce7xp48a7rf/hrhrhora01-29.jpg?raw=1', 'OLD', 63),
  (50, 'https://www.dropbox.com/s/jr4nw5g1s18z3gw/caption.jpg?raw=1', 'NEW', 63),
  (51, 'https://www.dropbox.com/s/pt9ic0olef1s92i/IMG_4126_zps97c0dc2b.jpg?raw=1', 'NEW', 63),
  (52, 'https://www.dropbox.com/s/h72f15dyx6cwnsu/DSCF7727.jpg?raw=1', 'NEW', 64),
  (53, 'https://www.dropbox.com/s/joaktpnj055713r/hrhrhora04-38.jpg?raw=1', 'OLD', 64),
  (54, 'https://www.dropbox.com/s/71ud79jv80qbdap/grodno-kostel-1.jpg?raw=1', 'NEW', 64),
  (55, 'https://www.dropbox.com/s/d78mt4t8r0q0kp6/IMG_8499-650x420.jpg?raw=1', 'NEW', 74),
  (56, 'https://www.dropbox.com/s/r5jw2ehd640grwj/1907152206001.jpg?raw=1', 'NEW', 96),
  (57, 'https://www.dropbox.com/s/2kpic6devgfkv2i/4400070.jpg?raw=1', 'NEW', 96),
  (58, 'https://www.dropbox.com/s/6t6hy7v8f0i5ujd/kurgan_slavy_70_e_gg_foto_anat_.jpg?raw=1', 'OLD', 96),
  (59, 'https://www.dropbox.com/s/jo3v1tx4kodbhzz/grprstr_obffinbildledovyj_1.jpg?raw=1', 'OLD', 87),
  (60, 'https://www.dropbox.com/s/u37hbukntjk6qjh/body_30002.jpg?raw=1', 'NEW', 87),
  (61, 'https://www.dropbox.com/s/kphle5a8jpvpplf/81fdfa467d4c51286c7fb6d4458b79899ef429f3.jpg?raw=1', 'NEW', 87),
  (62, 'https://www.dropbox.com/s/8cczcdfzr6zzdri/32cac01d1a954ebd7c9d2b05d4a4c16b.jpg?raw=1', 'NEW', 95),
  (63, 'https://www.dropbox.com/s/ebyb9oqb8l431ii/200909101802010.IMG_2007.jpg?raw=1', 'OLD', 95),
  (64, 'https://www.dropbox.com/s/6hil2ix634poot8/cerkov_rozhdestva_bogorodicy_v_grodno_monastyr_bazilianok_90_e1.jpg?raw=1', 'OLD', 61),
  (65, 'https://www.dropbox.com/s/jvls4fbxa964a4i/138de3a9b54893b4c9589c21c9a5d696.9b298b6b8a0bb48cc83084c4069f5c42.jpg?raw=1', 'NEW', 61),
  (66, 'https://www.dropbox.com/s/u7hjjnxev9k4hym/39b7c50945f7b0821c2594c0a56da601-thumb-333x222-cropratio.jpg?raw=1', 'NEW', 100),
  (67, 'https://www.dropbox.com/s/qdjey20imcg3wqp/wx1080.jpg?raw=1', 'OLD', 100),
  (68, 'https://www.dropbox.com/s/tuttlmrbzu54thi/cfb05f752c71e62cf593b98313c31487-thumb-470x256-cropratio.jpg?raw=1', 'NEW', 100),
  (69, 'https://www.dropbox.com/s/spr0z3cijgvggf4/img178_resize.jpg?raw=1', 'OLD', 101),
  (70, 'https://www.dropbox.com/s/qobh4futudux3sa/0_632e4_c4683f29_XL.jpg?raw=1', 'NEW', 101),
  (71, 'https://www.dropbox.com/s/7531bgnttp6c5za/DSC_0797.JPG?raw=1', 'NEW', 101),
  (72, 'https://www.dropbox.com/s/5haljiff1xv3e1q/28a-Orzechko-grodno-.jpg?raw=1', 'OLD', 92),
  (73, 'https://www.dropbox.com/s/88vygtha8t8e59p/IMG_20150703_13.jpg?raw=1', 'NEW', 92),
  (74, 'https://www.dropbox.com/s/tpib3nw0vhzwzbz/2012_grodno_orz13.jpg?raw=1', 'NEW', 93),
  (75, 'https://www.dropbox.com/s/h538l2na43u17vl/images.jpg?raw=1', 'OLD', 93),
  (76, 'https://www.dropbox.com/s/07s2d4mxp9ya2is/img137_resize.jpg?raw=1', 'OLD', 91),
  (77, 'https://www.dropbox.com/s/8j79yqyykyo0rb9/92967_1376257666.jpg?raw=1', 'NEW', 91),
  (78, 'https://www.dropbox.com/s/ybmr0xylgrtnwl8/pamsokl.jpg?raw=1', 'OLD', 73),
  (79, 'https://www.dropbox.com/s/917r6qu9bsmt37f/mif-grodno-2.jpg?raw=1', 'NEW', 73),
  (80, 'https://www.dropbox.com/s/q5ybnafpca1hoep/1185159.jpg?raw=1', 'NEW', 70),
  (81, 'https://www.dropbox.com/s/rowxm0fl62k8ais/96948_603x354.jpg?raw=1', 'OLD', 70),
  (82, 'https://www.dropbox.com/s/o162h652tdkxqxq/1017037535.jpg?raw=1', 'NEW', 79),
  (83, 'https://www.dropbox.com/s/nkhpg5jjt49sn2b/download%20%281%29.jpg?raw=1', 'NEW', 79),
  (84, 'https://www.dropbox.com/s/tzqrrw8moszaaal/7914_640.jpg?raw=1', 'NEW', 79),
  (85, 'https://www.dropbox.com/s/9uwyd3hckyogs38/027_005_002.jpg?raw=1', 'OLD', 79),
  (86, 'https://www.dropbox.com/s/y7k3qjrb6xq0sqf/grodna-carkva-1498-1421604715_b1.jpg?raw=1', 'OLD', 85),
  (87, 'https://www.dropbox.com/s/a9ikqq0mjxw70z4/grodna-carkva-1498-1289894356_b1.jpg?raw=1', 'NEW', 85),
  (88, 'https://www.dropbox.com/s/0oilw7lbuwj2ht0/cfl.dropboxstatic.com.url?raw=1', 'OLD', 85),
  (89, 'https://www.dropbox.com/s/s1997csh807hs96/82813576.jpg?raw=1', 'NEW', 83),
  (90, 'https://www.dropbox.com/s/pg3g4va6nj53tb0/hrhrhora09-02.jpg?raw=1', 'OLD', 83),
  (91, 'https://www.dropbox.com/s/7iwrswnkqxv2a8l/dscn0481.jpg.jpg?raw=1', 'NEW', 80),
  (92, 'https://www.dropbox.com/s/3hweb550w20iez4/030_001_1318.jpg?raw=1', 'OLD', 80),
  (93, 'https://www.dropbox.com/s/s1yei3snin0l7ax/fara.jpg?raw=1', 'OLD', 66),
  (94, 'https://www.dropbox.com/s/o1fqobwd9ehcp6w/images.jpg?raw=1', 'NEW', 66),
  (95, 'https://www.dropbox.com/s/d9f4b2jm7w1u1k1/73.jpg?raw=1', 'NEW', 97),
  (96, 'https://www.dropbox.com/s/b0ssi21r7je1c61/old_radio_volna.jpg?raw=1', 'OLD', 97),
  (97, 'https://www.dropbox.com/s/flm5uiaz3kcovfr/f624440933e700a3cb3c2bfabb94b8dd-thumb-690x1500-w.jpg?raw=1', 'NEW', 97),
  (98, 'https://www.dropbox.com/s/7l7izx3e458gghc/026_003_010.jpg?raw=1', 'OLD', 82),
  (99, 'https://www.dropbox.com/s/2l5dnseer8m8h3f/fontan_grodno_park_zhilibera.jpg?raw=1', 'NEW', 82),
  (100, 'https://www.dropbox.com/s/xqaqiquz4dpz3e0/25_big.jpg?raw=1', 'NEW', 84),
  (101, 'https://www.dropbox.com/s/xmqt3o1t0nw7570/1498_b1250883433.jpg?raw=1', 'OLD', 84),
  (102, 'https://www.dropbox.com/s/ghuffra4o7vxsci/7a528445ed1e2f5f243a2a44cf1619c4.jpg?raw=1', 'NEW', 88),
  (103, 'https://www.dropbox.com/s/1y3foakxfe0whk5/dir3.jpg?raw=1', 'NEW', 88),
  (104, 'https://www.dropbox.com/s/rl6snqakelkum3s/08%2018.jpg?raw=1', 'OLD', 88),
  (105, 'https://www.dropbox.com/s/d2dky1aoqitguru/21105458.jpg?raw=1', 'NEW', 89),
  (106, 'https://www.dropbox.com/s/18br4pbqrmnfvyl/72_big.jpg?raw=1', 'NEW', 89),
  (107, 'https://www.dropbox.com/s/z4x4ev0wnrutvo7/036_022_001.jpg?raw=1', 'OLD', 89);
/*!40000 ALTER TABLE `Image` ENABLE KEYS */;

-- Дамп данных таблицы Guide.PERSISTENT_LOGINS: ~0 rows (приблизительно)
/*!40000 ALTER TABLE `PERSISTENT_LOGINS` DISABLE KEYS */;
/*!40000 ALTER TABLE `PERSISTENT_LOGINS` ENABLE KEYS */;

-- Дамп данных таблицы Guide.Place: ~36 rows (приблизительно)
/*!40000 ALTER TABLE `Place` DISABLE KEYS */;
INSERT INTO `Place` (`ID`, `DESCRIPTION`, `MODERATION`, `NAME`, `TITLE`, `COORDINATE_ID`, `GROUP_ID`, `UPDATE_DATE`) VALUES
  (55, 'первый, крупнейший по коллекции и долгое время единственный зоопарк в Беларуси. Годом основания считается 1927, когда в ботаническом саду мужской гимназии открылся зоологический отдел. \r\n  В настоящее время зоопарк насчитывает более 3 тысяч животных 317 видов. Зоопарк расположен в Ленинском районе города Гродно возле железнодорожного вокзала и занимает площадь в 5,35 га.', b'1', '55', 'Гродненский зоопарк', 56, 4, '2017-04-23 18:47:56'),
  (56, 'Старый замок — это различные оборонные укрепления, служившие для защиты во времена Древнерусского государства. \r\n  Дворец не один раз был превращён в руины, после воссоздавался, реконструировался. И поэтому его архитектура сожержит стили нескольких эпох. \r\n  Сегодня Старый замок является Гродненским историко-археологическим музеем. С городом он соединён мостом из камня ввиде арки. До конца XVII в.мост был деревянный.', b'0', '56', 'Старый замок', 57, 7, '2017-04-23 18:47:56'),
  (57, 'Но́вый замок в Гродно — новый королевский дворец, построенный в Гродно, напротив старого дворца (Старый замок), \r\n  в 1734—1751 годах во время правления польского короля и великого князя литовского Августа III как летняя резиденция польских королей и великих князей литовских, по проекту Карла Фридриха Пёппельмана.', b'1', 'Новый замок', 'Новый замок', 58, 7, '2017-04-23 18:46:57'),
  (58, 'Но́вый замок в Гродно — новый королевский дворец, построенный в Гродно, напротив старого дворца (Старый замок),\r\n  в 1734—1751 годах во время правления польского короля и великого князя литовского Августа III как летняя резиденция польских королей и великих князей литовских, по проекту Карла Фридриха Пёппельмана.', b'1', '58', 'Новый замок', 59, 7, '2017-04-23 18:10:56'),
  (59, 'Гродненский государственный музей истории религии основан в г. Гродно 07.07.1977 г. как Республиканский музей атеизма и истории религии. Открыт для посетителей 15.01.1985 г. С 12.08.2005 г. - современное название. Музей является единственным в Республике Беларусь музеем данного профиля. Задача музея - знакомство с историей и культурой народов, живущих в Беларуси, воспитание уважения к их религиозным взглядам, воспитание культуры толерантности к представителям различных национальностей и конфессий', b'1', '59', 'Гродненский государственный музей истории и религии', 60, 7, '2017-04-23 18:10:56'),
  (60, 'В 1885 году страшный пожар уничтожил половину домов Гродно. Чтобы избежать в будущем подобной ситуации, в 1912-м на пожертвования местных жителей в городе была построена пожарная каланча. По своему изначальному предназначению башня уже давно не используется. Сейчас на ее верхнем уровне открыта смотровая площадка, а часть помещений выделена под музей пожарной и аварийно-спасательной службы, где можно узнать о методах борьбы с огнем.', b'1', '60', 'Пожарная каланча', 61, 2, '2017-04-23 18:10:56'),
  (61, 'Базилианский монастырь,основанный в в 1843 г. Гродно,но в 1960 г. закрылся. И с 1992 г. вновь стал действующим, носящий название православного Свято-Рождество-Богородицкого женского монастыря. Храм Рождества Богородицы входящий в состав монастыря базилианок построена вблизи от замков Гродно в 1726 г. При реконструкции монастыря в 1980 г. были найдены обломки и фрагменты Пречистенской церкви времён XII в.', b'1', '61', 'Монастырь Рождества Богородицы', 62, 2, '2017-04-24 02:01:24'),
  (62, 'Образован в сентябре 1947 года на основе труппы Бобруйского областного драматического театра, который в то время был переведён в Гродно. Главным режиссёром стал Н. Ковязин. Открылся театр 20 октября 1947 года спектаклем А. Н. Островского «Правда хорошо, а счастье лучше».', b'1', '62', 'Драматический театр', 63, 6, '2017-04-24 02:01:24'),
  (63, 'Костел и монастырь бернардинцев считается самым большим комплексом архитектуры Гродно 16-18 вв. Здесь сочетается множество стилей: барокко (главный фасад), готика (апсида), ренессанс. Находится он на правом берегу Немана.', b'1', '63', 'Костёл Обретения Святого Креста', 64, 7, '2017-04-24 02:01:24'),
  (64, 'Кафедральный собор Святого Франциска Ксаверия, неофициально называется также Фарный костёл — католический собор в городе Гродно, кафедральный собор Гродненского диоцеза. Один из трёх храмов Белоруссии, носящих почётный титул малая базилика.', b'1', '64', 'Костёл Св.Франциска Ксаверия', 65, 7, '2017-04-24 02:01:24'),
  (65, 'Большая Хоральная синагога на Большой Троицкой, или Главная синагога, действующая синагога в центре города Гродно.  В начале прошлого века в Гродно было 44 синагоги.', b'1', '65', 'Большая хоральная синагога', 66, 7, '2017-04-24 02:01:24'),
  (66, 'В 2014 году в сквере возле Советской площади, где до 1961 года стояла Фара Витовта, открыли памятник. Его освятили архиепископ Гродненский и Волковысский Артемий и епископ Гродненский Александр Кашкевич.', b'1', '66', 'Фара Витовта', 67, 2, '2017-04-24 02:01:24'),
  (67, 'Дворец культуры текстильщиков был построен в 1958 г. Среди гродненцев длительное время бытовала легенда, что он построен «задом наперед», т. е. фасад, который выходит к Дому быта, должен быть главным. Но это всего лишь легенда. Со слов дочери прораба Р. Попова, строившего это здание, при осуществлении проекта была убрана колоннада перед главным фасадом, поэтому он и представляется нам не совсем завершенным.', b'1', '67', 'Дворец культуры текстильциков', 68, 2, '2017-04-24 02:01:24'),
  (68, 'Гастробар Werden был открыт в марте 2016 года в самом центре старого Гродно.', b'1', '68', 'Гастробар "Verden"', 69, 3, '2017-04-24 02:01:24'),
  (69, 'Бар в самом центре старого Гродно.', b'1', '69', 'Бар "Магнолия"', 70, 3, '2017-04-24 02:01:24'),
  (70, '23 февраля 1968г. на Советской площади был установлен танк-памятник в честь освобождения города Гродно от немецко-фашистских захватчиков. Автор – архитектор Г. Федосенко. Памятник представляет собой танк Т-34 на сложнопрофилированном постаменте. На фронтальной плоскости надпись “Доблесным савецкім воінам, вызваліўшым горад Гродна ад нямецка-фашысцкіх захопнікаў”.', b'1', '70', 'Памятник Танк', 71, 2, '2017-04-24 02:01:24'),
  (71, 'Отель «Неман» введен в эксплуатацию в 2010 году после реконструкции. Само здание расположено в исторической части Гродно.', b'1', '71', 'Гостиница "Неман', 72, 1, '2017-04-24 02:01:24'),
  (72, 'Композиция «Гроании XVI века, в котором по преданию проводилось первое на территории Европы всдненская кунсткамера» располагается на кафедре нормальной анатомии в историческом здкрытие тела короля Речи Посполитой Стефана Батория. Коллекция экспозиции насчитывает около 70 уникальных тератологических препаратов – «сиамские близнецы», «русалки», «двуликий Янус», «циклопия», «анэнцефалы», плоды с многочисленными пороками развития.', b'1', '72', 'Гродненская кунсткамера', 73, 8, '2017-04-24 02:01:24'),
  (73, 'Памятник-бюст Маршала Советского Союза Соколовского В.Д. был открыт в 1973 г. Авторы – скульптор Г. Муромцев и архитектор В. Аладов. Бронзовый бюст высотой 1,55 м установлен на гранитном постаменте высотой 3,7 м.', b'1', '73', 'Памятник Соколовскому', 74, 2, '2017-04-24 02:01:24'),
  (74, 'Кафе "Кофейня в доме Хона Пика" Открылось 16 декабря 2016 года.', b'1', '74', 'Кофейня в доме Хона Пика', 75, 3, '2017-04-24 02:01:24'),
  (75, '«Красная звезда» – старейший кинотеатр Гродно из ныне существующих. В 1914 году впервые для представлений не приспосабливалось какое-либо здание, а специально по типовому проекту возводился новый кинотеатр. Построенный по театральному типу, он являлся самым лучшим в городе и притягивал толпы зрителей на свои показы. Так и сегодня «Красная звезда» привлекает киноманов удобным месторасположением, шикарным интерьером и уютными кафе.', b'1', '75', 'Кинотеатр "Красная звезда', 76, 6, '2017-04-24 02:01:24'),
  (76, 'Кинотеатр «Октябрь» распахнул свои двери 11 января 1987 года.  На сегодняшний день он оснащен самым современным кинопроекционным оборудованием.', b'1', '76', 'Кинотеатр "Октябрь', 77, 6, '2017-04-24 02:01:24'),
  (77, '«Космос» – это первый кинотеатр в Гродно, в котором стали транслироваться фильмы в форматах 2D и 3D. Вот уже более полувека он радует горожан новым кино со всего мира.', b'1', '77', 'Кинотеатр "Космос', 78, 6, '2017-04-24 02:01:24'),
  (78, 'Посетители кинотеатра могут расположиться в трех зонах кинозала: обычных креслах, мягких креслах-мешках и креслах повышенной комфортабельности со столиками (всего 132 места). Экран, размещенный посредине зала, разделяет его на две части: одна – кинозал, вторая отведена под тренажерный зал.', b'1', '78', 'Кинотеатр "Восток"', 79, 6, '2017-04-24 02:01:24'),
  (79, 'Парк Жилибера в Гродно был основан французским медиком, ботаником, биологом Жаном Эммануэлем Жилибером 8 апреля 1775 года. В XVIII веке это был один из лучших в Европе ботанических садов.', b'1', '79', 'Парк имени Ж.Э.Жилибера', 80, 4, '2017-04-24 02:01:24'),
  (80, 'Театр Тизенгауза в Гродно является памятником архитектуры 18 века и первым публичным театром города. Построено здание театра в 1772 году архитекторами Мезером и Сакко, хотя сам театр начал функционировать 30 апреля 1769 года. Созданный как небольшой ансамбль вокалистов и инструменталистов, вскоре театр преобразовался в постоянный коллектив с внушительным балетным и оперным репертуаром. Театр хоть сегодня и носит в народе имя «Кукольный театр Тизенгауза в Гродно», на самом деле никогда при Тизенгаузе кукольным не был. Сегодня кукольный театр в Гродно является одним из лучших в стране.', b'1', '80', 'Театр кукол', 81, 6, '2017-04-24 02:01:24'),
  (81, '1 мая 1949 г. в торжественной обстановке открыт памятник, воздвигнутый в городском парке на могилах, в которых похоронены герои Великой Отечественной войны – солдаты и офицеры Советской Армии. В 1984 г. состоялась первая реконструкция памятника, и был зажжен Вечный огонь.', b'1', '81', 'Вечный огонь', 82, 2, '2017-04-24 02:01:24'),
  (82, 'Цветомузыкальный фонтан находится на месте своего исторического собрата.', b'1', '82', 'Фонтан', 83, 2, '2017-04-24 02:01:24'),
  (83, 'Гродненский Свято-Покровский кафедральный собор был построен в правлении епископа Гродненского и Брестского Михаила (Ермакова) (1905-1915) в честь воинов Гродненского гарнизона, которые погибли в русско-японской войне 1904-1905 годов. В старину православная Беларусь не знала скульптурных мемориалов и монументов. В память о тех или иных событиях военной истории возводились храмы.', b'1', '83', 'Покровский собор', 84, 7, '2017-04-24 02:01:24'),
  (84, 'Храм, освященный в честь святой равноапостольной княгини Ольги, приписан к главному Кафедральному собору города Гродно – Свято-Покровской церкви. Расположен приписной храм сразу за основным и используется для совершения таинства крещения. Здание было построено в 1995 году. На освящении присутствовал сам патриарх Алексий II, который заложил в стену церкви Патриаршую грамоту, а автора проекта, строителей и спонсоров наградил орденом князя Владимира.', b'1', '84', 'Церковь княгини Ольги', 85, 7, '2017-04-24 02:01:24'),
  (85, '8 октября 2010 года  у Свято-Покровского кафедрального собора на улице Ожешко установили скульптуру «Покров Пресвятой Богородицы» работы Владимира Пантелеева.', b'1', '85', 'Покров Святой Богородицы', 86, 2, '2017-04-24 02:01:24'),
  (86, 'Дом-музей Элизы Ожешко в Гродно — архитектурный памятник, являющийся точной копией дома знаменитой писательницы. В нём она жила после переезда в Гродно в 1894 году до своей смерти в мае 1910 года. В настоящий момент в доме по-прежнему функционирует библиотека. Здесь же расположен филиал Союза Писателей. Новейшее оборудование даёт возможность работы с книгами даже людям с ограниченными возможностями.', b'1', '86', 'Дом-музей Элизы Ожешко', 87, 2, '2017-04-24 02:01:24'),
  (87, 'Ледовый дворец спорта» — спорткомплекс в городе Гродно, Беларусь. Вместимость — 2487 зрителей, основное назначение — проведение матчей по хоккею с шайбой. Арена является домашней площадкой хоккейного клуба «Неман» выступающего в белорусской экстралиге. В свободное от спортивных мероприятий время ледовая площадка задействована для проведения массовых катаний на коньках.', b'1', '87', 'Ледовый дворец спорта', 88, 5, '2017-04-24 02:01:24'),
  (88, 'Центральный Спортивный Комплекс «Неман» — многофункциональный стадион в Гродно, Беларусь. В основном используется для проведения домашних матчей футбольного клуба «Неман».', b'1', '88', 'ЦСК "Неман', 89, 5, '2017-04-24 02:01:24'),
  (89, 'Швейцарская долина в Гродно – это живописный уголок города над Неманом и одновременно исторический объект, уходящий корнями в далекое 18 столетие.', b'1', '89', 'Швейцарская долина', 90, 4, '2017-04-24 02:01:24'),
  (90, 'Гостиница «Спорт» второй категории в гродненском спортивном комплексе «Неман».', b'1', '90', 'Гостиница "Спорт', 91, 1, '2017-04-24 02:01:24'),
  (91, 'В 1987 г. к 70-летию Октябрьской революции на реконструированной площади Ленина был установлен памятник В.И. Ленину. За послевоенный период это был третий по счету памятник вождю пролетариата. 4 октября 1987 г. в 11 часов утра состоялся многолюдный митинг, посвященный торжественному открытию памятника Ленину.', b'1', '91', 'Памятник В.И.Ленина', 92, 2, '2017-04-24 02:01:24'),
  (92, 'Нулевой километр в Гродно — памятный знак, установленный на площади Ленина рядом со зданием Облисполкома. Официально считается центром города и указывает расстояния до других городов. На одной стороне памятника изображён олень святого Губерта — официальный символ Гродно. Противоположную сторону украшает бронзовый зубр.', b'1', '92', 'Нулевой километр', 93, 8, '2017-04-24 02:01:24'),
  (93, 'Памятник Антонию Тизенгаузу', b'1', '93', 'Памятник А.Тизенгаузу', 94, 2, '2017-04-24 02:01:24'),
  (94, 'Свято-Борисо-Глебская (Коложская) церковь построена во 2-й пол. ХІІ в. – является жемчужиной архитектуры древнерусского зодчества. Названа в честь Св. Бориса и Глеба. Поселение на территории церкви в начале XV века пленненных, великим князем Витовтом, жителей предместья Коложа дало ей второе название. Построена из плинфы. Длинна около 21,5 м, ширина 13,5 м. Толщина стен около 1,2 м. Фасады украшены майоликовыми плитками и гладко отесанными камнями. Для лучшей аккустики в стены храма вмурованы глиняные кувшины - голосники. В начале XVI века восстанавливалась зодчим Богушем Богутовичем, восстановительные работы велись также в XVII веке, в 1853 году была частично разрушена в результате оползня, в 1889 году обрушилась южная апсида. В 1910 и 1935 были проведены работы по консервации, в 1970 и 1985-1987 проводились консервационно-ремонтные работы.', b'1', '94', 'Коложская церковь', 95, 7, '2017-04-24 02:01:24'),
  (95, 'Мемориал защитникам Гродно расположен на территории военного кладбища. На белых плитах братской могилы указаны несколько десятков имён солдат и офицеров, убитых в военные годы. Создана также и Аллея Героев, имена которых выбиты золотыми буквами на красных гранитных плитах. У каждой плиты высажена стройная берёзка.', b'1', '95', 'Мемориал защитникам Гродно', 96, 8, '2017-04-24 02:01:24'),
  (96, 'В конце 60-х годов в Гродно появился Курган Славы. Его закладка была произведена 17 сентября 1968г, а торжественное открытие состоялось 17 сентября 1969г. На восточную окраину города рядом с проспектом Космонавтов была привезна земля со всех районов Гродненской области, с братских могил воинов Красной Армии и партизан, могил Героев Советского Союза, похороненных на территории Гродненской области. Нсыпан он был в честь погибших в годы Октябрьской революции и Гражданской войны, в борьбе за воссоединение Западной Белоруссии с БССР, советских воинов и партизан, которые отдали свои жизни в годы Великой Отечественной войны. Курган имеет форму усеченного конуса, высотой 18 м, диаметр основания 56 м, вырхней части 5м. курган окантован бетонным монолитным кольцом з внешней оштукатуренной облицовкой. С восточной стороны Кургана – площадь для проведения митингов, слева – Вечный огонь, справа – плита с памятной надписью. К Кургану ведут две широкие лестницы. В апреле 1974 г. рядом с Курганом заложена аллея Героев.', b'1', '96', 'Курган славы', 97, 8, '2017-04-24 02:01:24'),
  (97, 'Коммунальное физкультурно-оздоровительное унитарное предприятие «Аквацентр» является уникальным оздоровительным и развлекательным комплексом, ставшим любимым местом отдыха горожан и гостей города Гродно.', b'1', '97', 'ФОК "Аквацентр', 98, 5, '2017-04-24 02:01:24'),
  (98, 'Гостиница «Беларусь» расположена в центральной части Гродно, рядом с его историческим кварталом.', b'1', '98', 'Гостиница "Беларусь"', 99, 1, '2017-04-24 02:01:24'),
  (99, 'Семашко» - одна из самых популярных гостиниц города. Такое доверие вполне обосновано. Находится гостиница в историческом центре Гродно.', b'1', '99', 'Гостиница "Семашко"', 100, 1, '2017-04-24 02:01:24'),
  (100, 'Музей городского быта и истории города Гродно (под покровительством св. Губерта) — частная коллекция Януша Парулиса, собравшая в себя сотни экспонатов раскрывающих посетителям завесу тайны над тем, как жили в Гродно наши предшественники.', b'1', '100', 'Музей истории быта', 101, 2, '2017-04-24 02:01:24'),
  (101, 'Музей является примером первой на Беларуси типовой жилой застройки. В музее «Истории Городницы» в Гродно представлена экспозиция, посвященая реформаторской деятельности А.Тизенгауза. Также здесь вы можете увидеть макет Городницы (исторического района города, памятник градостроительства второй половины ХVІІІ века). В том числе в музее экспонируются товары гродненских королевских мануфактур XVIII века.', b'1', '101', 'Музей "Истории Городницы', 102, 2, '2017-04-24 02:01:24'),
  (102, 'Ресторан «Королевская охота» расположен в живописном оживленном уголке центральной части города Гродно в здании памятника архитектуры классицизма начала XIX века. С момента открытия ресторана в середине января 2014 года дворец гродненского вице-губернатора Максимовича обрел новый облик и стал одним из популярнейших мест встреч среди жителей и гостей города.', b'1', '102', 'Королевская охота', 103, 3, '2017-04-24 02:01:24'),
  (103, 'Кафе-бар «Карчма у причала» в Гродно — двухэтажное здание с летней террасой на берегу реки Неман. Уютный интерьер.', b'1', '103', 'Карчма у причала', 104, 3, '2017-04-24 02:01:24');
/*!40000 ALTER TABLE `Place` ENABLE KEYS */;

-- Дамп данных таблицы Guide.PlaceComments: ~0 rows (приблизительно)
/*!40000 ALTER TABLE `PlaceComments` DISABLE KEYS */;
/*!40000 ALTER TABLE `PlaceComments` ENABLE KEYS */;

-- Дамп данных таблицы Guide.PlaceGroups: ~8 rows (приблизительно)
/*!40000 ALTER TABLE `PlaceGroups` DISABLE KEYS */;
INSERT INTO `PlaceGroups` (`ID`, `CODE`, `DESCRIPTION`, `TITLE`) VALUES
  (1, 'hotel', 'Отель', 'Отель'),
  (2, 'palace', 'Достопремечательность', 'Достопремечательность'),
  (3, 'cafe', 'Место питания', 'Место питания'),
  (4, 'park', 'Парк и место отдыха', 'Парк и место отдыха'),
  (5, 'stadium', 'Спортивные сооружения', 'Спортивные сооружения'),
  (6, 'cine_and_theater', 'Кинотеатры и театры', 'Кинотеатры и театры'),
  (7, 'church', 'Культовые сооружения', 'Культовые сооружения'),
  (8, 'other', 'Другое', 'Другое');
/*!40000 ALTER TABLE `PlaceGroups` ENABLE KEYS */;

-- Дамп данных таблицы Guide.Route: ~7 rows (приблизительно)
/*!40000 ALTER TABLE `Route` DISABLE KEYS */;
INSERT INTO `Route` (`ID`, `DESCRIPTION`, `TITLE`, `MODERATION`, `UPDATE_DATE`) VALUES
  (1, 'Знакомство с основными достопримечательностями города Гродно.\r\nМаршрут включает в себя несколько культовых сооружений и памятников города', 'Знакомство с достопримечательностями Гродно', b'1', '2017-04-23 18:45:29'),
  (2, '56565', 'Музеи города Гродно', b'1', '2017-04-23 18:46:23'),
  (5, '2', 'Кофейни и рестораны города', b'0', '2017-04-23 18:46:43'),
  (6, '2', 'Парки и места отдыха', b'0', '2017-04-23 18:46:57'),
  (7, 'ss', 'Святые места', b'0', '2017-04-23 18:47:18'),
  (8, 'test_11', 'Прогулка по центру города', b'1', '2017-04-23 18:47:56'),
  (9, 'йцуйц', 'Кинотеатры и театры города', b'0', '2017-04-23 18:48:33');
/*!40000 ALTER TABLE `Route` ENABLE KEYS */;

-- Дамп данных таблицы Guide.Route_Place: ~11 rows (приблизительно)
/*!40000 ALTER TABLE `Route_Place` DISABLE KEYS */;
INSERT INTO `Route_Place` (`ROUTE_ID`, `PLACE_ID`) VALUES
  (1, 56),
  (1, 57),
  (1, 62),
  (1, 63),
  (1, 65),
  (6, 55),
  (6, 56),
  (6, 57),
  (7, 55),
  (8, 55),
  (8, 56);
/*!40000 ALTER TABLE `Route_Place` ENABLE KEYS */;

-- Дамп данных таблицы Guide.USER: ~1 rows (приблизительно)
/*!40000 ALTER TABLE `USER` DISABLE KEYS */;
INSERT INTO `USER` (`ID`, `EMAIL`, `FIRST_NAME`, `LAST_NAME`, `PASSWORD`, `SSO_ID`) VALUES
  (1, 'test@mail.ru', 'admin', 'admin', '$2a$04$bHuxuL5yIzjfcPmPDoVeouKV6jQHcVX4U6Dc3p94VsqQn8LVPTU0y', 'admin');
/*!40000 ALTER TABLE `USER` ENABLE KEYS */;

-- Дамп данных таблицы Guide.USER_PROFILE: ~1 rows (приблизительно)
/*!40000 ALTER TABLE `USER_PROFILE` DISABLE KEYS */;
INSERT INTO `USER_PROFILE` (`ID`, `TYPE`) VALUES
  (1, 'ADMIN');
/*!40000 ALTER TABLE `USER_PROFILE` ENABLE KEYS */;

/*!40101 SET SQL_MODE=IFNULL(@OLD_SQL_MODE, '') */;
/*!40014 SET FOREIGN_KEY_CHECKS=IF(@OLD_FOREIGN_KEY_CHECKS IS NULL, 1, @OLD_FOREIGN_KEY_CHECKS) */;
/*!40101 SET CHARACTER_SET_CLIENT=@OLD_CHARACTER_SET_CLIENT */;
